{"stats":{"minecraft:crafted":{"minecraft:oak_door":3,"minecraft:oak_planks":1256,"minecraft:crafting_table":4,"minecraft:furnace":2,"minecraft:birch_planks":460,"minecraft:glass":64,"minecraft:oak_boat":1,"minecraft:iron_axe":2,"minecraft:stick":20,"minecraft:iron_ingot":6,"minecraft:iron_pickaxe":1,"minecraft:oak_stairs":140,"minecraft:wooden_axe":2,"minecraft:chest":2,"minecraft:iron_shovel":2,"minecraft:torch":12,"minecraft:dark_oak_planks":8},"minecraft:dropped":{"minecraft:diamond":1,"minecraft:rotten_flesh":2,"minecraft:netherrack":1},"minecraft:killed_by":{"minecraft:player":1,"minecraft:creeper":1},"minecraft:picked_up":{"minecraft:birch_log":115,"minecraft:crafting_table":4,"minecraft:wheat":13,"minecraft:azure_bluet":35,"minecraft:lilac":12,"minecraft:oak_stairs":6,"minecraft:potato":22,"minecraft:birch_planks":21,"minecraft:oak_log":339,"minecraft:yellow_bed":2,"minecraft:cornflower":64,"minecraft:dirt":432,"minecraft:beetroot":3,"minecraft:apple":1,"minecraft:wheat_seeds":108,"minecraft:spruce_planks":1,"minecraft:beef":3,"minecraft:oak_boat":2,"minecraft:poppy":62,"minecraft:melon_slice":53,"minecraft:birch_sapling":5,"minecraft:oak_planks":76,"minecraft:stick":51,"minecraft:raw_iron":6,"minecraft:oak_door":1,"minecraft:dandelion":3,"minecraft:sand":80,"minecraft:carrot":45,"minecraft:dark_oak_log":2,"minecraft:rotten_flesh":4,"minecraft:beetroot_seeds":9,"minecraft:hay_block":2,"minecraft:granite":1,"minecraft:bread":44,"minecraft:oak_sapling":21,"minecraft:netherrack":1,"minecraft:cod":15,"minecraft:coal":17,"minecraft:cobblestone":96},"minecraft:used":{"minecraft:iron_shovel":557,"minecraft:flint_and_steel":14,"minecraft:birch_planks":284,"minecraft:poppy":47,"minecraft:oak_planks":729,"minecraft:chest":2,"minecraft:spruce_planks":1,"minecraft:oak_door":3,"minecraft:torch":12,"minecraft:dirt":225,"minecraft:sand":1,"minecraft:crafting_table":7,"minecraft:azure_bluet":3,"minecraft:obsidian":5,"minecraft:oak_log":20,"minecraft:glass":64,"minecraft:dark_oak_planks":4,"minecraft:wooden_axe":47,"minecraft:cornflower":44,"minecraft:oak_stairs":140,"minecraft:iron_axe":488,"minecraft:melon_slice":1,"minecraft:bread":34,"minecraft:iron_pickaxe":125,"minecraft:golden_sword":30,"minecraft:fire_charge":1,"minecraft:beef":3,"minecraft:hay_block":2,"minecraft:furnace":2,"minecraft:yellow_bed":2,"minecraft:oak_boat":3,"minecraft:dandelion":3},"minecraft:broken":{"minecraft:iron_shovel":2,"minecraft:iron_axe":1},"minecraft:mined":{"minecraft:oak_door":1,"minecraft:dark_oak_log":2,"minecraft:dandelion":2,"minecraft:crafting_table":4,"minecraft:cornflower":65,"minecraft:granite":1,"minecraft:grass_block":411,"minecraft:poppy":60,"minecraft:melon":10,"minecraft:dead_bush":52,"minecraft:tall_grass":37,"minecraft:oak_planks":81,"minecraft:wall_torch":1,"minecraft:birch_planks":22,"minecraft:carrots":28,"minecraft:birch_log":116,"minecraft:iron_ore":6,"minecraft:wheat":29,"minecraft:lilac":12,"minecraft:birch_leaves":2,"minecraft:azure_bluet":36,"minecraft:yellow_bed":2,"minecraft:potatoes":13,"minecraft:grass":454,"minecraft:beetroots":3,"minecraft:vine":3,"minecraft:oak_log":333,"minecraft:coal_ore":17,"minecraft:flowering_azalea_leaves":4,"minecraft:oak_stairs":6,"minecraft:dirt":22,"minecraft:sand":80,"minecraft:azalea_leaves":2,"minecraft:stone":97,"minecraft:oak_leaves":19,"minecraft:fern":1},"minecraft:custom":{"minecraft:interact_with_furnace":13,"minecraft:interact_with_crafting_table":29,"minecraft:leave_game":1,"minecraft:time_since_death":109878,"minecraft:sleep_in_bed":6,"minecraft:climb_one_cm":376,"minecraft:time_since_rest":105655,"minecraft:sprint_one_cm":453065,"minecraft:damage_taken":2356,"minecraft:walk_one_cm":793419,"minecraft:drop":3,"minecraft:damage_dealt":1431,"minecraft:swim_one_cm":58156,"minecraft:fly_one_cm":466272,"minecraft:player_kills":5,"minecraft:open_chest":46,"minecraft:crouch_one_cm":12201,"minecraft:play_time":170928,"minecraft:deaths":5,"minecraft:sneak_time":3108,"minecraft:walk_under_water_one_cm":5380,"minecraft:boat_one_cm":146740,"minecraft:jump":2579,"minecraft:walk_on_water_one_cm":21803,"minecraft:total_world_time":170928,"minecraft:interact_with_smoker":1,"minecraft:fall_one_cm":68903}},"DataVersion":3465}