{"stats":{"minecraft:crafted":{"minecraft:oak_door":3,"minecraft:oak_slab":132,"minecraft:oak_planks":1256,"minecraft:crafting_table":4,"minecraft:furnace":2,"minecraft:birch_planks":460,"minecraft:air":0,"minecraft:glass":72,"minecraft:oak_boat":1,"minecraft:iron_axe":2,"minecraft:stick":20,"minecraft:iron_ingot":6,"minecraft:iron_pickaxe":1,"minecraft:oak_stairs":140,"minecraft:wooden_axe":2,"minecraft:chest":2,"minecraft:iron_shovel":2,"minecraft:torch":12,"minecraft:dark_oak_planks":8},"minecraft:dropped":{"minecraft:diamond":1,"minecraft:rotten_flesh":2,"minecraft:dirt":1,"minecraft:netherrack":1},"minecraft:killed_by":{"minecraft:player":1,"minecraft:creeper":1},"minecraft:picked_up":{"minecraft:birch_log":115,"minecraft:enchanting_table":1,"minecraft:crafting_table":4,"minecraft:wheat":13,"minecraft:azure_bluet":35,"minecraft:lilac":12,"minecraft:leather":1,"minecraft:lead":2,"minecraft:oak_stairs":6,"minecraft:potato":22,"minecraft:birch_planks":21,"minecraft:oak_log":339,"minecraft:yellow_bed":2,"minecraft:cornflower":64,"minecraft:dirt":454,"minecraft:glass":3,"minecraft:beetroot":3,"minecraft:apple":1,"minecraft:wheat_seeds":108,"minecraft:spruce_planks":1,"minecraft:beef":3,"minecraft:oak_boat":2,"minecraft:poppy":62,"minecraft:melon_slice":53,"minecraft:birch_sapling":5,"minecraft:oak_planks":80,"minecraft:furnace":2,"minecraft:oak_slab":3,"minecraft:stick":51,"minecraft:raw_iron":6,"minecraft:oak_door":1,"minecraft:dandelion":3,"minecraft:sand":80,"minecraft:carrot":45,"minecraft:dark_oak_log":2,"minecraft:rotten_flesh":4,"minecraft:beetroot_seeds":9,"minecraft:hay_block":2,"minecraft:granite":1,"minecraft:bread":44,"minecraft:oak_sapling":21,"minecraft:netherrack":1,"minecraft:cod":15,"minecraft:coal":17,"minecraft:cobblestone":96},"minecraft:used":{"minecraft:enchanting_table":1,"minecraft:iron_shovel":557,"minecraft:flint_and_steel":14,"minecraft:birch_planks":284,"minecraft:poppy":47,"minecraft:oak_planks":729,"minecraft:chest":2,"minecraft:spruce_planks":1,"minecraft:oak_door":3,"minecraft:torch":12,"minecraft:dirt":246,"minecraft:sand":1,"minecraft:oak_slab":67,"minecraft:crafting_table":8,"minecraft:azure_bluet":3,"minecraft:obsidian":5,"minecraft:oak_log":20,"minecraft:glass":67,"minecraft:dark_oak_planks":4,"minecraft:wooden_axe":47,"minecraft:cornflower":44,"minecraft:oak_stairs":140,"minecraft:iron_axe":492,"minecraft:melon_slice":1,"minecraft:bread":36,"minecraft:iron_pickaxe":129,"minecraft:golden_sword":43,"minecraft:fire_charge":1,"minecraft:beef":3,"minecraft:hay_block":2,"minecraft:furnace":4,"minecraft:yellow_bed":2,"minecraft:oak_boat":3,"minecraft:dandelion":3},"minecraft:killed":{"minecraft:trader_llama":2},"minecraft:broken":{"minecraft:iron_shovel":2,"minecraft:iron_axe":1},"minecraft:mined":{"minecraft:oak_slab":3,"minecraft:oak_door":1,"minecraft:dark_oak_log":2,"minecraft:dandelion":2,"minecraft:crafting_table":4,"minecraft:cornflower":65,"minecraft:granite":1,"minecraft:grass_block":411,"minecraft:poppy":60,"minecraft:melon":10,"minecraft:dead_bush":52,"minecraft:tall_grass":37,"minecraft:oak_planks":81,"minecraft:wall_torch":1,"minecraft:birch_planks":22,"minecraft:furnace":2,"minecraft:carrots":28,"minecraft:birch_log":116,"minecraft:iron_ore":6,"minecraft:wheat":29,"minecraft:lilac":12,"minecraft:birch_leaves":2,"minecraft:enchanting_table":1,"minecraft:azure_bluet":36,"minecraft:yellow_bed":2,"minecraft:potatoes":13,"minecraft:grass":454,"minecraft:beetroots":3,"minecraft:vine":3,"minecraft:oak_log":333,"minecraft:coal_ore":17,"minecraft:flowering_azalea_leaves":4,"minecraft:oak_stairs":6,"minecraft:dirt":43,"minecraft:sand":80,"minecraft:azalea_leaves":2,"minecraft:stone":97,"minecraft:oak_leaves":19,"minecraft:fern":1},"minecraft:custom":{"minecraft:interact_with_furnace":16,"minecraft:mob_kills":2,"minecraft:interact_with_cartography_table":1,"minecraft:interact_with_crafting_table":31,"minecraft:leave_game":2,"minecraft:time_since_death":0,"minecraft:sleep_in_bed":6,"minecraft:climb_one_cm":1514,"minecraft:time_since_rest":773,"minecraft:sprint_one_cm":481390,"minecraft:damage_taken":2905,"minecraft:walk_one_cm":843377,"minecraft:drop":4,"minecraft:damage_dealt":1895,"minecraft:swim_one_cm":58156,"minecraft:fly_one_cm":489786,"minecraft:player_kills":5,"minecraft:open_chest":53,"minecraft:crouch_one_cm":19330,"minecraft:play_time":183638,"minecraft:deaths":7,"minecraft:sneak_time":4891,"minecraft:walk_under_water_one_cm":6180,"minecraft:boat_one_cm":146740,"minecraft:jump":2716,"minecraft:walk_on_water_one_cm":22548,"minecraft:total_world_time":183638,"minecraft:interact_with_smoker":1,"minecraft:fall_one_cm":73552}},"DataVersion":3465}