{"stats":{"minecraft:crafted":{"minecraft:oak_planks":124,"minecraft:crafting_table":3,"minecraft:oak_boat":1,"minecraft:stick":4,"minecraft:iron_pickaxe":1,"minecraft:wooden_axe":2,"minecraft:dark_oak_planks":8},"minecraft:dropped":{"minecraft:rotten_flesh":2},"minecraft:killed_by":{"minecraft:player":1,"minecraft:creeper":1},"minecraft:picked_up":{"minecraft:crafting_table":3,"minecraft:oak_log":47,"minecraft:yellow_bed":1,"minecraft:wheat_seeds":9,"minecraft:spruce_planks":1,"minecraft:beef":3,"minecraft:oak_boat":2,"minecraft:poppy":1,"minecraft:melon_slice":53,"minecraft:oak_planks":6,"minecraft:stick":35,"minecraft:raw_iron":6,"minecraft:dandelion":3,"minecraft:sand":1,"minecraft:dark_oak_log":2,"minecraft:rotten_flesh":4,"minecraft:hay_block":2,"minecraft:granite":1,"minecraft:bread":44,"minecraft:oak_sapling":3,"minecraft:coal":17,"minecraft:cobblestone":96},"minecraft:used":{"minecraft:flint_and_steel":14,"minecraft:poppy":1,"minecraft:oak_planks":53,"minecraft:spruce_planks":1,"minecraft:sand":1,"minecraft:crafting_table":5,"minecraft:obsidian":5,"minecraft:dark_oak_planks":4,"minecraft:wooden_axe":18,"minecraft:melon_slice":1,"minecraft:bread":11,"minecraft:iron_pickaxe":125,"minecraft:golden_sword":28,"minecraft:fire_charge":1,"minecraft:beef":3,"minecraft:hay_block":2,"minecraft:oak_boat":3,"minecraft:dandelion":3},"minecraft:mined":{"minecraft:dark_oak_log":2,"minecraft:dandelion":2,"minecraft:crafting_table":3,"minecraft:granite":1,"minecraft:melon":10,"minecraft:dead_bush":52,"minecraft:tall_grass":5,"minecraft:oak_planks":2,"minecraft:iron_ore":6,"minecraft:birch_leaves":2,"minecraft:yellow_bed":1,"minecraft:grass":73,"minecraft:vine":3,"minecraft:oak_log":46,"minecraft:coal_ore":17,"minecraft:flowering_azalea_leaves":4,"minecraft:sand":1,"minecraft:azalea_leaves":2,"minecraft:stone":97,"minecraft:oak_leaves":1,"minecraft:fern":1},"minecraft:custom":{"minecraft:interact_with_crafting_table":12,"minecraft:leave_game":1,"minecraft:time_since_death":13878,"minecraft:sleep_in_bed":6,"minecraft:climb_one_cm":376,"minecraft:time_since_rest":9655,"minecraft:sprint_one_cm":154641,"minecraft:damage_taken":1727,"minecraft:walk_one_cm":329631,"minecraft:drop":1,"minecraft:damage_dealt":1308,"minecraft:swim_one_cm":58156,"minecraft:fly_one_cm":212601,"minecraft:player_kills":5,"minecraft:open_chest":24,"minecraft:crouch_one_cm":1431,"minecraft:play_time":74928,"minecraft:deaths":5,"minecraft:sneak_time":409,"minecraft:walk_under_water_one_cm":4905,"minecraft:boat_one_cm":146740,"minecraft:jump":1488,"minecraft:walk_on_water_one_cm":21663,"minecraft:total_world_time":74928,"minecraft:interact_with_smoker":1,"minecraft:fall_one_cm":43133}},"DataVersion":3465}