{"stats":{"minecraft:crafted":{"minecraft:oak_boat":1,"minecraft:oak_planks":56,"minecraft:crafting_table":2,"minecraft:iron_pickaxe":1,"minecraft:dark_oak_planks":8},"minecraft:killed_by":{"minecraft:player":1,"minecraft:creeper":1},"minecraft:picked_up":{"minecraft:stick":33,"minecraft:crafting_table":2,"minecraft:dandelion":3,"minecraft:sand":1,"minecraft:oak_log":14,"minecraft:dark_oak_log":2,"minecraft:wheat_seeds":9,"minecraft:spruce_planks":1,"minecraft:hay_block":2,"minecraft:beef":3,"minecraft:oak_boat":2,"minecraft:poppy":1,"minecraft:bread":44,"minecraft:melon_slice":53,"minecraft:oak_planks":6},"minecraft:used":{"minecraft:dark_oak_planks":4,"minecraft:flint_and_steel":14,"minecraft:bread":10,"minecraft:melon_slice":1,"minecraft:oak_planks":53,"minecraft:poppy":1,"minecraft:iron_pickaxe":4,"minecraft:spruce_planks":1,"minecraft:golden_sword":28,"minecraft:fire_charge":1,"minecraft:sand":1,"minecraft:beef":3,"minecraft:crafting_table":4,"minecraft:hay_block":2,"minecraft:oak_boat":3,"minecraft:dandelion":3,"minecraft:obsidian":5},"minecraft:mined":{"minecraft:dark_oak_log":2,"minecraft:birch_leaves":2,"minecraft:dandelion":2,"minecraft:crafting_table":2,"minecraft:grass":73,"minecraft:oak_log":13,"minecraft:melon":10,"minecraft:flowering_azalea_leaves":4,"minecraft:vine":3,"minecraft:dead_bush":52,"minecraft:sand":1,"minecraft:tall_grass":3,"minecraft:azalea_leaves":2,"minecraft:oak_planks":2,"minecraft:oak_leaves":1,"minecraft:fern":1},"minecraft:custom":{"minecraft:time_since_rest":28,"minecraft:sprint_one_cm":126716,"minecraft:damage_taken":1590,"minecraft:walk_one_cm":282182,"minecraft:damage_dealt":1291,"minecraft:interact_with_crafting_table":10,"minecraft:swim_one_cm":58156,"minecraft:player_kills":5,"minecraft:fly_one_cm":181786,"minecraft:open_chest":23,"minecraft:crouch_one_cm":1419,"minecraft:play_time":62928,"minecraft:deaths":5,"minecraft:sneak_time":399,"minecraft:walk_under_water_one_cm":4905,"minecraft:boat_one_cm":146740,"minecraft:jump":1319,"minecraft:leave_game":1,"minecraft:time_since_death":1878,"minecraft:walk_on_water_one_cm":18748,"minecraft:sleep_in_bed":4,"minecraft:climb_one_cm":376,"minecraft:interact_with_smoker":1,"minecraft:total_world_time":62928,"minecraft:fall_one_cm":36744}},"DataVersion":3465}