{"stats":{"minecraft:crafted":{"minecraft:oak_planks":784,"minecraft:crafting_table":3,"minecraft:furnace":2,"minecraft:birch_planks":84,"minecraft:oak_boat":1,"minecraft:iron_axe":1,"minecraft:stick":4,"minecraft:iron_ingot":6,"minecraft:iron_pickaxe":1,"minecraft:wooden_axe":2,"minecraft:chest":2,"minecraft:iron_shovel":2,"minecraft:dark_oak_planks":8},"minecraft:dropped":{"minecraft:rotten_flesh":2},"minecraft:killed_by":{"minecraft:player":1,"minecraft:creeper":1},"minecraft:picked_up":{"minecraft:birch_log":21,"minecraft:crafting_table":3,"minecraft:azure_bluet":4,"minecraft:lilac":12,"minecraft:oak_log":201,"minecraft:yellow_bed":2,"minecraft:cornflower":64,"minecraft:dirt":422,"minecraft:apple":1,"minecraft:wheat_seeds":52,"minecraft:spruce_planks":1,"minecraft:beef":3,"minecraft:oak_boat":2,"minecraft:poppy":62,"minecraft:melon_slice":53,"minecraft:birch_sapling":5,"minecraft:oak_planks":10,"minecraft:stick":47,"minecraft:raw_iron":6,"minecraft:dandelion":3,"minecraft:sand":1,"minecraft:dark_oak_log":2,"minecraft:rotten_flesh":4,"minecraft:hay_block":2,"minecraft:granite":1,"minecraft:bread":44,"minecraft:oak_sapling":17,"minecraft:coal":17,"minecraft:cobblestone":96},"minecraft:used":{"minecraft:iron_shovel":478,"minecraft:flint_and_steel":14,"minecraft:poppy":47,"minecraft:oak_planks":70,"minecraft:chest":2,"minecraft:spruce_planks":1,"minecraft:dirt":207,"minecraft:sand":1,"minecraft:crafting_table":6,"minecraft:azure_bluet":1,"minecraft:obsidian":5,"minecraft:dark_oak_planks":4,"minecraft:wooden_axe":47,"minecraft:cornflower":44,"minecraft:iron_axe":146,"minecraft:melon_slice":1,"minecraft:bread":20,"minecraft:iron_pickaxe":125,"minecraft:golden_sword":30,"minecraft:fire_charge":1,"minecraft:beef":3,"minecraft:hay_block":2,"minecraft:furnace":2,"minecraft:yellow_bed":2,"minecraft:oak_boat":3,"minecraft:dandelion":3},"minecraft:broken":{"minecraft:iron_shovel":1},"minecraft:mined":{"minecraft:dark_oak_log":2,"minecraft:dandelion":2,"minecraft:crafting_table":3,"minecraft:cornflower":65,"minecraft:granite":1,"minecraft:grass_block":409,"minecraft:poppy":60,"minecraft:melon":10,"minecraft:dead_bush":52,"minecraft:tall_grass":37,"minecraft:oak_planks":6,"minecraft:birch_log":21,"minecraft:iron_ore":6,"minecraft:lilac":12,"minecraft:birch_leaves":2,"minecraft:azure_bluet":4,"minecraft:yellow_bed":2,"minecraft:grass":412,"minecraft:vine":3,"minecraft:oak_log":195,"minecraft:coal_ore":17,"minecraft:flowering_azalea_leaves":4,"minecraft:dirt":14,"minecraft:sand":1,"minecraft:azalea_leaves":2,"minecraft:stone":97,"minecraft:oak_leaves":6,"minecraft:fern":1},"minecraft:custom":{"minecraft:interact_with_furnace":2,"minecraft:interact_with_crafting_table":19,"minecraft:leave_game":1,"minecraft:time_since_death":49878,"minecraft:sleep_in_bed":6,"minecraft:climb_one_cm":376,"minecraft:time_since_rest":45655,"minecraft:sprint_one_cm":286332,"minecraft:damage_taken":1831,"minecraft:walk_one_cm":520153,"minecraft:drop":1,"minecraft:damage_dealt":1368,"minecraft:swim_one_cm":58156,"minecraft:fly_one_cm":345390,"minecraft:player_kills":5,"minecraft:open_chest":34,"minecraft:crouch_one_cm":1431,"minecraft:play_time":110928,"minecraft:deaths":5,"minecraft:sneak_time":410,"minecraft:walk_under_water_one_cm":4905,"minecraft:boat_one_cm":146740,"minecraft:jump":2008,"minecraft:walk_on_water_one_cm":21663,"minecraft:total_world_time":110928,"minecraft:interact_with_smoker":1,"minecraft:fall_one_cm":53341}},"DataVersion":3465}