{"stats":{"minecraft:mined":{"minecraft:white_bed":1,"minecraft:furnace":2,"minecraft:iron_ore":7,"minecraft:crafting_table":4,"minecraft:pointed_dripstone":1,"minecraft:short_grass":5,"minecraft:coal_ore":48,"minecraft:grass_block":4,"minecraft:oak_log":11,"minecraft:dirt":3,"minecraft:stone":52,"minecraft:oak_leaves":1},"minecraft:picked_up":{"minecraft:wooden_axe":1,"minecraft:raw_iron":7,"minecraft:crafting_table":5,"minecraft:wooden_pickaxe":1,"minecraft:oak_log":11,"minecraft:pointed_dripstone":4,"minecraft:white_bed":1,"minecraft:dirt":5,"minecraft:bone":1,"minecraft:rotten_flesh":2,"minecraft:wheat_seeds":1,"minecraft:mutton":5,"minecraft:coal":61,"minecraft:white_wool":4,"minecraft:cobblestone":54,"minecraft:furnace":2},"minecraft:custom":{"minecraft:time_since_rest":4415,"minecraft:interact_with_furnace":4,"minecraft:sprint_one_cm":44447,"minecraft:damage_taken":292,"minecraft:walk_one_cm":34377,"minecraft:mob_kills":8,"minecraft:drop":6,"minecraft:damage_dealt":1350,"minecraft:swim_one_cm":3458,"minecraft:interact_with_crafting_table":5,"minecraft:fly_one_cm":61551,"minecraft:player_kills":1,"minecraft:crouch_one_cm":1759,"minecraft:play_time":16479,"minecraft:sneak_time":563,"minecraft:walk_under_water_one_cm":977,"minecraft:jump":416,"minecraft:leave_game":1,"minecraft:time_since_death":16479,"minecraft:walk_on_water_one_cm":2764,"minecraft:sleep_in_bed":1,"minecraft:total_world_time":16479,"minecraft:fall_one_cm":14180},"minecraft:killed":{"minecraft:skeleton":2,"minecraft:sheep":4,"minecraft:zombie":2},"minecraft:used":{"minecraft:cooked_mutton":5,"minecraft:wooden_axe":16,"minecraft:stone_pickaxe":101,"minecraft:wooden_pickaxe":9,"minecraft:white_wool":1,"minecraft:torch":5,"minecraft:stone_axe":21,"minecraft:dirt":5,"minecraft:cobblestone":12,"minecraft:crafting_table":5,"minecraft:furnace":2,"minecraft:white_bed":1,"minecraft:pointed_dripstone":4},"minecraft:dropped":{"minecraft:wheat_seeds":1,"minecraft:wooden_axe":2,"minecraft:rotten_flesh":2,"minecraft:wooden_pickaxe":2},"minecraft:crafted":{"minecraft:oak_planks":44,"minecraft:crafting_table":1,"minecraft:stick":12,"minecraft:wooden_pickaxe":1,"minecraft:stone_pickaxe":1,"minecraft:wooden_axe":1,"minecraft:furnace":1,"minecraft:white_bed":1,"minecraft:torch":12,"minecraft:stone_axe":1,"minecraft:air":0,"minecraft:cooked_mutton":5}},"DataVersion":3700}