{"stats":{"minecraft:killed_by":{"minecraft:player":1},"minecraft:mined":{"minecraft:furnace":1,"minecraft:iron_ore":8,"minecraft:andesite":2,"minecraft:crafting_table":3,"minecraft:granite":2,"minecraft:short_grass":3,"minecraft:pointed_dripstone":1,"minecraft:coal_ore":17,"minecraft:oak_log":12,"minecraft:gravel":2,"minecraft:dirt":3,"minecraft:stone":25,"minecraft:wall_torch":2},"minecraft:picked_up":{"minecraft:wooden_axe":1,"minecraft:raw_iron":8,"minecraft:stick":2,"minecraft:crafting_table":2,"minecraft:andesite":2,"minecraft:torch":1,"minecraft:wooden_pickaxe":2,"minecraft:gravel":2,"minecraft:oak_log":12,"minecraft:pointed_dripstone":1,"minecraft:dirt":7,"minecraft:arrow":1,"minecraft:bone":2,"minecraft:bow":1,"minecraft:wheat_seeds":1,"minecraft:granite":2,"minecraft:beef":6,"minecraft:oak_planks":39,"minecraft:coal":17,"minecraft:cobblestone":22,"minecraft:furnace":1},"minecraft:custom":{"minecraft:time_since_rest":24704,"minecraft:interact_with_furnace":8,"minecraft:sprint_one_cm":21548,"minecraft:damage_taken":638,"minecraft:walk_one_cm":21314,"minecraft:mob_kills":3,"minecraft:damage_dealt":480,"minecraft:swim_one_cm":15623,"minecraft:interact_with_crafting_table":9,"minecraft:fly_one_cm":37841,"minecraft:crouch_one_cm":986,"minecraft:play_time":28604,"minecraft:deaths":1,"minecraft:sneak_time":937,"minecraft:walk_under_water_one_cm":4130,"minecraft:jump":331,"minecraft:leave_game":2,"minecraft:time_since_death":24676,"minecraft:walk_on_water_one_cm":8393,"minecraft:total_world_time":28604,"minecraft:fall_one_cm":13266},"minecraft:killed":{"minecraft:skeleton":1,"minecraft:cow":1},"minecraft:used":{"minecraft:wooden_axe":1,"minecraft:stone_pickaxe":52,"minecraft:wooden_pickaxe":11,"minecraft:torch":2,"minecraft:oak_door":1,"minecraft:stone_axe":7,"minecraft:dirt":4,"minecraft:crafting_table":3,"minecraft:furnace":1,"minecraft:cooked_beef":3,"minecraft:granite":2},"minecraft:crafted":{"minecraft:cooked_beef":3,"minecraft:oak_door":3,"minecraft:oak_planks":48,"minecraft:crafting_table":3,"minecraft:stick":12,"minecraft:iron_ingot":6,"minecraft:wooden_pickaxe":1,"minecraft:stone_pickaxe":1,"minecraft:furnace":1,"minecraft:torch":24,"minecraft:stone_axe":1,"minecraft:air":0}},"DataVersion":3700}