{"stats":{"minecraft:crafted":{"minecraft:oak_door":3,"minecraft:oak_planks":192,"minecraft:crafting_table":3,"minecraft:wooden_pickaxe":1,"minecraft:birch_planks":56,"minecraft:stone_axe":1,"minecraft:bread":108,"minecraft:oak_boat":1,"minecraft:iron_axe":1,"minecraft:stick":12,"minecraft:stone_pickaxe":1,"minecraft:stone_sword":1,"minecraft:torch":8,"minecraft:wheat":342},"minecraft:killed_by":{"minecraft:player":5,"minecraft:zombie":1},"minecraft:dropped":{"minecraft:bread":44,"minecraft:birch_planks":2,"minecraft:wheat_seeds":3,"minecraft:feather":2,"minecraft:cobblestone":4,"minecraft:spruce_fence":1,"minecraft:poppy":2,"minecraft:dark_oak_log":3,"minecraft:oak_sapling":1,"minecraft:sand":1,"minecraft:wooden_pickaxe":1,"minecraft:cactus":6,"minecraft:paper":2,"minecraft:redstone":1,"minecraft:dandelion":1},"minecraft:picked_up":{"minecraft:birch_log":14,"minecraft:lime_bed":1,"minecraft:crafting_table":4,"minecraft:feather":2,"minecraft:chicken":3,"minecraft:leather":2,"minecraft:smoker":1,"minecraft:oak_log":49,"minecraft:brewing_stand":2,"minecraft:yellow_bed":1,"minecraft:paper":2,"minecraft:lantern":1,"minecraft:bone":3,"minecraft:apple":1,"minecraft:wheat_seeds":4,"minecraft:beef":10,"minecraft:oak_boat":1,"minecraft:poppy":2,"minecraft:sugar_cane":55,"minecraft:oak_planks":56,"minecraft:book":30,"minecraft:stick":10,"minecraft:raw_iron":6,"minecraft:torch":2,"minecraft:green_bed":1,"minecraft:dandelion":1,"minecraft:spruce_fence":2,"minecraft:porkchop":10,"minecraft:sand":1,"minecraft:blast_furnace":1,"minecraft:white_bed":1,"minecraft:redstone":1,"minecraft:dark_oak_log":3,"minecraft:dark_oak_planks":3,"minecraft:arrow":3,"minecraft:hay_block":65,"minecraft:oak_sapling":1,"minecraft:coal":19,"minecraft:mutton":8,"minecraft:white_wool":3,"minecraft:cobblestone":12},"minecraft:used":{"minecraft:stone_sword":49,"minecraft:birch_planks":54,"minecraft:stone_pickaxe":63,"minecraft:oak_planks":179,"minecraft:leather_chestplate":1,"minecraft:wooden_pickaxe":9,"minecraft:sugar_cane":24,"minecraft:oak_door":1,"minecraft:torch":7,"minecraft:lime_bed":1,"minecraft:crafting_table":6,"minecraft:blast_furnace":1,"minecraft:white_bed":1,"minecraft:spruce_fence":1,"minecraft:smoker":1,"minecraft:oak_log":1,"minecraft:bread":23,"minecraft:iron_axe":70,"minecraft:stone_axe":122,"minecraft:oak_boat":1},"minecraft:killed":{"minecraft:pig":5,"minecraft:skeleton":1,"minecraft:sheep":5,"minecraft:chicken":3,"minecraft:stray":1,"minecraft:villager":1,"minecraft:cow":5},"minecraft:broken":{"minecraft:stone_axe":1},"minecraft:mined":{"minecraft:dark_oak_planks":4,"minecraft:spruce_planks":1,"minecraft:white_bed":1,"minecraft:lily_of_the_valley":1,"minecraft:smoker":1,"minecraft:dark_oak_log":3,"minecraft:dandelion":2,"minecraft:brewing_stand":2,"minecraft:crafting_table":4,"minecraft:torch":1,"minecraft:blast_furnace":1,"minecraft:grass_block":6,"minecraft:spruce_fence":4,"minecraft:poppy":2,"minecraft:dead_bush":4,"minecraft:tall_grass":1,"minecraft:sugar_cane":23,"minecraft:oak_planks":62,"minecraft:diorite":1,"minecraft:wall_torch":1,"minecraft:hay_block":67,"minecraft:lime_bed":1,"minecraft:birch_log":14,"minecraft:iron_ore":6,"minecraft:fire":18,"minecraft:birch_leaves":3,"minecraft:yellow_bed":1,"minecraft:grass":28,"minecraft:bookshelf":10,"minecraft:oak_log":50,"minecraft:coal_ore":19,"minecraft:flowering_azalea_leaves":2,"minecraft:lantern":1,"minecraft:dirt":2,"minecraft:sand":1,"minecraft:azalea_leaves":6,"minecraft:stone":12,"minecraft:oak_leaves":21,"minecraft:green_bed":1,"minecraft:fern":1},"minecraft:custom":{"minecraft:mob_kills":22,"minecraft:interact_with_crafting_table":13,"minecraft:leave_game":1,"minecraft:time_since_death":19247,"minecraft:sleep_in_bed":2,"minecraft:climb_one_cm":1344,"minecraft:time_since_rest":19276,"minecraft:sprint_one_cm":198724,"minecraft:damage_taken":2519,"minecraft:walk_one_cm":175095,"minecraft:drop":63,"minecraft:damage_dealt":2753,"minecraft:swim_one_cm":45818,"minecraft:talked_to_villager":5,"minecraft:fly_one_cm":328792,"minecraft:player_kills":1,"minecraft:open_chest":11,"minecraft:crouch_one_cm":17540,"minecraft:play_time":80780,"minecraft:deaths":6,"minecraft:sneak_time":5053,"minecraft:walk_under_water_one_cm":7850,"minecraft:boat_one_cm":94667,"minecraft:jump":1611,"minecraft:interact_with_blast_furnace":3,"minecraft:walk_on_water_one_cm":12927,"minecraft:total_world_time":80780,"minecraft:interact_with_smoker":3,"minecraft:fall_one_cm":44747,"minecraft:horse_one_cm":116}},"DataVersion":3465}