{"stats":{"minecraft:crafted":{"minecraft:oak_door":3,"minecraft:oak_planks":136,"minecraft:crafting_table":3,"minecraft:wooden_pickaxe":1,"minecraft:birch_planks":56,"minecraft:stone_axe":1,"minecraft:bread":108,"minecraft:oak_boat":1,"minecraft:iron_axe":1,"minecraft:stick":12,"minecraft:stone_pickaxe":1,"minecraft:stone_sword":1,"minecraft:torch":8,"minecraft:wheat":342},"minecraft:killed_by":{"minecraft:player":5,"minecraft:zombie":1},"minecraft:dropped":{"minecraft:bread":44,"minecraft:birch_planks":2,"minecraft:wheat_seeds":3,"minecraft:feather":1,"minecraft:cobblestone":4,"minecraft:spruce_fence":1,"minecraft:poppy":2,"minecraft:dark_oak_log":3,"minecraft:oak_sapling":1,"minecraft:sand":1,"minecraft:wooden_pickaxe":1,"minecraft:cactus":6,"minecraft:dandelion":1},"minecraft:picked_up":{"minecraft:birch_log":14,"minecraft:lime_bed":1,"minecraft:crafting_table":4,"minecraft:feather":2,"minecraft:chicken":2,"minecraft:leather":2,"minecraft:smoker":1,"minecraft:oak_log":38,"minecraft:brewing_stand":1,"minecraft:lantern":1,"minecraft:bone":1,"minecraft:apple":1,"minecraft:wheat_seeds":3,"minecraft:beef":7,"minecraft:oak_boat":1,"minecraft:poppy":2,"minecraft:sugar_cane":47,"minecraft:oak_planks":56,"minecraft:book":30,"minecraft:stick":7,"minecraft:raw_iron":6,"minecraft:torch":2,"minecraft:green_bed":1,"minecraft:dandelion":1,"minecraft:spruce_fence":2,"minecraft:porkchop":4,"minecraft:sand":1,"minecraft:blast_furnace":1,"minecraft:dark_oak_log":3,"minecraft:dark_oak_planks":3,"minecraft:arrow":1,"minecraft:hay_block":38,"minecraft:oak_sapling":1,"minecraft:coal":19,"minecraft:mutton":7,"minecraft:white_wool":2,"minecraft:cobblestone":12},"minecraft:used":{"minecraft:stone_sword":31,"minecraft:birch_planks":54,"minecraft:stone_pickaxe":35,"minecraft:oak_planks":160,"minecraft:wooden_pickaxe":9,"minecraft:oak_door":1,"minecraft:torch":7,"minecraft:lime_bed":1,"minecraft:crafting_table":6,"minecraft:blast_furnace":1,"minecraft:spruce_fence":1,"minecraft:smoker":1,"minecraft:bread":22,"minecraft:iron_axe":40,"minecraft:stone_axe":122,"minecraft:oak_boat":1},"minecraft:killed":{"minecraft:pig":2,"minecraft:sheep":4,"minecraft:chicken":2,"minecraft:stray":1,"minecraft:villager":1,"minecraft:cow":4},"minecraft:broken":{"minecraft:stone_axe":1},"minecraft:mined":{"minecraft:dark_oak_planks":4,"minecraft:spruce_planks":1,"minecraft:smoker":1,"minecraft:dark_oak_log":3,"minecraft:dandelion":2,"minecraft:brewing_stand":1,"minecraft:crafting_table":4,"minecraft:torch":1,"minecraft:blast_furnace":1,"minecraft:spruce_fence":4,"minecraft:poppy":2,"minecraft:dead_bush":4,"minecraft:sugar_cane":22,"minecraft:oak_planks":62,"minecraft:diorite":1,"minecraft:wall_torch":1,"minecraft:hay_block":40,"minecraft:lime_bed":1,"minecraft:birch_log":14,"minecraft:iron_ore":6,"minecraft:fire":18,"minecraft:birch_leaves":3,"minecraft:grass":16,"minecraft:bookshelf":10,"minecraft:oak_log":39,"minecraft:coal_ore":19,"minecraft:flowering_azalea_leaves":2,"minecraft:lantern":1,"minecraft:sand":1,"minecraft:azalea_leaves":6,"minecraft:stone":12,"minecraft:oak_leaves":15,"minecraft:green_bed":1,"minecraft:fern":1},"minecraft:custom":{"minecraft:mob_kills":15,"minecraft:interact_with_crafting_table":13,"minecraft:leave_game":1,"minecraft:time_since_death":7247,"minecraft:sleep_in_bed":2,"minecraft:time_since_rest":7276,"minecraft:sprint_one_cm":161158,"minecraft:damage_taken":2400,"minecraft:walk_one_cm":153813,"minecraft:drop":60,"minecraft:damage_dealt":2033,"minecraft:swim_one_cm":41620,"minecraft:talked_to_villager":3,"minecraft:fly_one_cm":277378,"minecraft:player_kills":1,"minecraft:open_chest":7,"minecraft:crouch_one_cm":16249,"minecraft:play_time":68780,"minecraft:deaths":6,"minecraft:sneak_time":4679,"minecraft:walk_under_water_one_cm":7703,"minecraft:boat_one_cm":94667,"minecraft:jump":1299,"minecraft:interact_with_blast_furnace":3,"minecraft:walk_on_water_one_cm":11055,"minecraft:total_world_time":68780,"minecraft:interact_with_smoker":3,"minecraft:fall_one_cm":39613,"minecraft:horse_one_cm":116}},"DataVersion":3465}