{"stats":{"minecraft:crafted":{"minecraft:oak_door":3,"minecraft:oak_planks":303,"minecraft:blaze_powder":22,"minecraft:iron_axe":1,"minecraft:stone_pickaxe":1,"minecraft:chest":2,"minecraft:wheat":495,"minecraft:crafting_table":3,"minecraft:wooden_pickaxe":1,"minecraft:birch_planks":56,"minecraft:stone_axe":1,"minecraft:bread":172,"minecraft:oak_boat":1,"minecraft:stick":12,"minecraft:stone_sword":1,"minecraft:torch":8},"minecraft:killed_by":{"minecraft:player":5,"minecraft:hoglin":1,"minecraft:zombie":2},"minecraft:dropped":{"minecraft:enchanted_book":2,"minecraft:bread":44,"minecraft:oak_slab":1,"minecraft:birch_planks":2,"minecraft:wheat_seeds":42,"minecraft:oak_fence":1,"minecraft:feather":2,"minecraft:cobblestone":4,"minecraft:grass_block":4,"minecraft:cod":15,"minecraft:dirt":2,"minecraft:dark_oak_log":3,"minecraft:dead_bush":1,"minecraft:sand":1,"minecraft:cactus":6,"minecraft:paper":2,"minecraft:dark_oak_planks":6,"minecraft:dandelion":1,"minecraft:redstone":6,"minecraft:oak_door":2,"minecraft:spruce_fence":1,"minecraft:poppy":2,"minecraft:potato":2,"minecraft:flower_pot":1,"minecraft:beetroot_seeds":1,"minecraft:oak_sapling":1,"minecraft:wooden_pickaxe":1},"minecraft:picked_up":{"minecraft:crafting_table":4,"minecraft:chicken":3,"minecraft:enchanted_book":2,"minecraft:brewing_stand":2,"minecraft:beef":13,"minecraft:oak_boat":1,"minecraft:poppy":3,"minecraft:sugar_cane":55,"minecraft:raw_iron":6,"minecraft:stick":10,"minecraft:oak_door":1,"minecraft:composter":1,"minecraft:oak_fence":1,"minecraft:torch":6,"minecraft:green_bed":1,"minecraft:spruce_fence":2,"minecraft:porkchop":16,"minecraft:music_disc_pigstep":3,"minecraft:carrot":9,"minecraft:redstone":7,"minecraft:dark_oak_planks":9,"minecraft:arrow":3,"minecraft:beetroot_seeds":2,"minecraft:hay_block":65,"minecraft:mutton":9,"minecraft:cobblestone":12,"minecraft:white_wool":4,"minecraft:oxeye_daisy":1,"minecraft:birch_log":14,"minecraft:lime_bed":1,"minecraft:feather":2,"minecraft:leather":4,"minecraft:smoker":1,"minecraft:potato":4,"minecraft:oak_log":80,"minecraft:yellow_bed":2,"minecraft:dirt":3,"minecraft:paper":2,"minecraft:lantern":5,"minecraft:bone":5,"minecraft:apple":1,"minecraft:bow":1,"minecraft:wheat_seeds":64,"minecraft:oak_planks":90,"minecraft:book":30,"minecraft:oak_slab":1,"minecraft:quartz":4,"minecraft:dandelion":2,"minecraft:sand":2,"minecraft:blast_furnace":1,"minecraft:grass_block":3,"minecraft:white_bed":1,"minecraft:dead_bush":1,"minecraft:dark_oak_log":3,"minecraft:diamond":1,"minecraft:oak_sapling":1,"minecraft:netherrack":1,"minecraft:coal":19},"minecraft:used":{"minecraft:oak_trapdoor":2,"minecraft:oak_fence":176,"minecraft:enchanting_table":1,"minecraft:stone_sword":53,"minecraft:iron_shovel":121,"minecraft:flint_and_steel":1,"minecraft:ladder":18,"minecraft:chest":9,"minecraft:stone":6,"minecraft:iron_sword":7,"minecraft:netherrack":81,"minecraft:oak_door":3,"minecraft:torch":13,"minecraft:brewing_stand":1,"minecraft:anvil":4,"minecraft:carrot":8,"minecraft:spruce_fence":1,"minecraft:oak_fence_gate":5,"minecraft:obsidian":21,"minecraft:glass":50,"minecraft:bookshelf":53,"minecraft:music_disc_pigstep":4,"minecraft:lantern":18,"minecraft:oak_stairs":60,"minecraft:grass_block":85,"minecraft:iron_axe":176,"minecraft:bow":7,"minecraft:magma_block":19,"minecraft:furnace":1,"minecraft:potato":1,"minecraft:chiseled_bookshelf":7,"minecraft:cow_spawn_egg":19,"minecraft:birch_planks":54,"minecraft:stone_pickaxe":65,"minecraft:oak_planks":621,"minecraft:wooden_pickaxe":9,"minecraft:leather_chestplate":1,"minecraft:sugar_cane":24,"minecraft:green_bed":1,"minecraft:oak_slab":239,"minecraft:crafting_table":9,"minecraft:lime_bed":1,"minecraft:blast_furnace":3,"minecraft:white_bed":1,"minecraft:smoker":3,"minecraft:oak_log":26,"minecraft:flower_pot":2,"minecraft:diamond_pickaxe":5,"minecraft:bread":32,"minecraft:stone_axe":122,"minecraft:pink_bed":2,"minecraft:smithing_table":1,"minecraft:yellow_bed":1,"minecraft:oak_boat":1,"minecraft:jukebox":1},"minecraft:killed":{"minecraft:witch":1,"minecraft:skeleton":2,"minecraft:chicken":3,"minecraft:pig":5,"minecraft:hoglin":2,"minecraft:sheep":6,"minecraft:stray":1,"minecraft:villager":1,"minecraft:cow":6},"minecraft:broken":{"minecraft:stone_axe":1},"minecraft:mined":{"minecraft:dark_oak_planks":4,"minecraft:spruce_planks":1,"minecraft:white_bed":1,"minecraft:farmland":1,"minecraft:dark_oak_log":3,"minecraft:brewing_stand":2,"minecraft:grass_block":6,"minecraft:spruce_fence":4,"minecraft:composter":1,"minecraft:hay_block":67,"minecraft:carrots":9,"minecraft:iron_ore":6,"minecraft:fire":18,"minecraft:bookshelf":10,"minecraft:potatoes":2,"minecraft:flowering_azalea_leaves":2,"minecraft:lantern":1,"minecraft:azalea_leaves":6,"minecraft:stone":12,"minecraft:green_bed":1,"minecraft:lily_of_the_valley":1,"minecraft:smoker":1,"minecraft:dandelion":2,"minecraft:torch":3,"minecraft:crafting_table":4,"minecraft:blast_furnace":1,"minecraft:poppy":2,"minecraft:dead_bush":4,"minecraft:nether_quartz_ore":4,"minecraft:tall_grass":1,"minecraft:oak_planks":94,"minecraft:sugar_cane":23,"minecraft:diorite":1,"minecraft:wall_torch":2,"minecraft:lime_bed":1,"minecraft:birch_log":14,"minecraft:wheat":17,"minecraft:birch_leaves":3,"minecraft:yellow_bed":2,"minecraft:grass":38,"minecraft:coal_ore":19,"minecraft:oak_log":78,"minecraft:beetroots":1,"minecraft:sand":2,"minecraft:dirt":2,"minecraft:netherrack":1,"minecraft:oak_leaves":21,"minecraft:fern":1},"minecraft:custom":{"minecraft:interact_with_smithing_table":1,"minecraft:interact_with_anvil":3,"minecraft:mob_kills":28,"minecraft:interact_with_crafting_table":18,"minecraft:leave_game":1,"minecraft:time_since_death":4164,"minecraft:climb_one_cm":3958,"minecraft:sprint_one_cm":351231,"minecraft:walk_one_cm":533358,"minecraft:drop":121,"minecraft:talked_to_villager":5,"minecraft:play_time":176780,"minecraft:deaths":9,"minecraft:sneak_time":8468,"minecraft:walk_under_water_one_cm":7850,"minecraft:boat_one_cm":94667,"minecraft:interact_with_brewingstand":5,"minecraft:jump":2471,"minecraft:interact_with_blast_furnace":3,"minecraft:walk_on_water_one_cm":13981,"minecraft:enchant_item":13,"minecraft:total_world_time":176780,"minecraft:play_record":4,"minecraft:pot_flower":1,"minecraft:sleep_in_bed":3,"minecraft:time_since_rest":4213,"minecraft:damage_taken":3395,"minecraft:damage_dealt":3693,"minecraft:swim_one_cm":45818,"minecraft:fly_one_cm":512438,"minecraft:player_kills":1,"minecraft:open_chest":26,"minecraft:crouch_one_cm":33107,"minecraft:interact_with_smoker":4,"minecraft:fall_one_cm":63379,"minecraft:horse_one_cm":1554}},"DataVersion":3465}