{"stats":{"minecraft:crafted":{"minecraft:oak_door":3,"minecraft:oak_planks":303,"minecraft:iron_axe":1,"minecraft:stone_pickaxe":1,"minecraft:chest":2,"minecraft:wheat":495,"minecraft:crafting_table":3,"minecraft:wooden_pickaxe":1,"minecraft:birch_planks":56,"minecraft:stone_axe":1,"minecraft:bread":172,"minecraft:oak_boat":1,"minecraft:stick":12,"minecraft:stone_sword":1,"minecraft:torch":8},"minecraft:killed_by":{"minecraft:player":5,"minecraft:zombie":2},"minecraft:dropped":{"minecraft:bread":44,"minecraft:oak_slab":1,"minecraft:birch_planks":2,"minecraft:wheat_seeds":37,"minecraft:oak_fence":1,"minecraft:feather":2,"minecraft:cobblestone":4,"minecraft:grass_block":1,"minecraft:cod":15,"minecraft:dark_oak_log":3,"minecraft:dead_bush":1,"minecraft:sand":1,"minecraft:cactus":6,"minecraft:paper":2,"minecraft:dark_oak_planks":6,"minecraft:dandelion":1,"minecraft:redstone":2,"minecraft:spruce_fence":1,"minecraft:poppy":2,"minecraft:oak_sapling":1,"minecraft:wooden_pickaxe":1},"minecraft:picked_up":{"minecraft:crafting_table":4,"minecraft:chicken":3,"minecraft:brewing_stand":2,"minecraft:beef":13,"minecraft:oak_boat":1,"minecraft:poppy":3,"minecraft:sugar_cane":55,"minecraft:raw_iron":6,"minecraft:stick":10,"minecraft:composter":1,"minecraft:oak_fence":1,"minecraft:torch":6,"minecraft:green_bed":1,"minecraft:spruce_fence":2,"minecraft:porkchop":10,"minecraft:music_disc_pigstep":1,"minecraft:carrot":9,"minecraft:redstone":3,"minecraft:dark_oak_planks":9,"minecraft:arrow":3,"minecraft:beetroot_seeds":1,"minecraft:hay_block":65,"minecraft:mutton":9,"minecraft:cobblestone":12,"minecraft:white_wool":4,"minecraft:oxeye_daisy":1,"minecraft:birch_log":14,"minecraft:lime_bed":1,"minecraft:feather":2,"minecraft:leather":3,"minecraft:smoker":1,"minecraft:potato":2,"minecraft:oak_log":80,"minecraft:yellow_bed":2,"minecraft:dirt":1,"minecraft:paper":2,"minecraft:lantern":4,"minecraft:bone":5,"minecraft:apple":1,"minecraft:bow":1,"minecraft:wheat_seeds":59,"minecraft:oak_planks":89,"minecraft:book":30,"minecraft:oak_slab":1,"minecraft:dandelion":2,"minecraft:sand":2,"minecraft:blast_furnace":1,"minecraft:white_bed":1,"minecraft:dead_bush":1,"minecraft:dark_oak_log":3,"minecraft:diamond":1,"minecraft:oak_sapling":1,"minecraft:coal":19},"minecraft:used":{"minecraft:oak_fence":169,"minecraft:stone_sword":53,"minecraft:iron_shovel":121,"minecraft:chest":9,"minecraft:stone":1,"minecraft:iron_sword":7,"minecraft:oak_door":3,"minecraft:torch":13,"minecraft:brewing_stand":1,"minecraft:carrot":8,"minecraft:spruce_fence":1,"minecraft:oak_fence_gate":4,"minecraft:glass":50,"minecraft:bookshelf":53,"minecraft:music_disc_pigstep":2,"minecraft:lantern":13,"minecraft:oak_stairs":60,"minecraft:grass_block":85,"minecraft:iron_axe":176,"minecraft:furnace":1,"minecraft:potato":1,"minecraft:chiseled_bookshelf":7,"minecraft:cow_spawn_egg":19,"minecraft:birch_planks":54,"minecraft:stone_pickaxe":65,"minecraft:oak_planks":620,"minecraft:wooden_pickaxe":9,"minecraft:leather_chestplate":1,"minecraft:sugar_cane":24,"minecraft:green_bed":1,"minecraft:oak_slab":239,"minecraft:crafting_table":9,"minecraft:lime_bed":1,"minecraft:blast_furnace":3,"minecraft:white_bed":1,"minecraft:smoker":3,"minecraft:oak_log":26,"minecraft:flower_pot":2,"minecraft:bread":29,"minecraft:stone_axe":122,"minecraft:pink_bed":2,"minecraft:smithing_table":1,"minecraft:yellow_bed":1,"minecraft:oak_boat":1,"minecraft:jukebox":1},"minecraft:killed":{"minecraft:witch":1,"minecraft:skeleton":2,"minecraft:chicken":3,"minecraft:pig":5,"minecraft:sheep":6,"minecraft:stray":1,"minecraft:villager":1,"minecraft:cow":6},"minecraft:broken":{"minecraft:stone_axe":1},"minecraft:mined":{"minecraft:dark_oak_planks":4,"minecraft:spruce_planks":1,"minecraft:white_bed":1,"minecraft:farmland":1,"minecraft:dark_oak_log":3,"minecraft:brewing_stand":2,"minecraft:grass_block":6,"minecraft:spruce_fence":4,"minecraft:composter":1,"minecraft:hay_block":67,"minecraft:carrots":9,"minecraft:iron_ore":6,"minecraft:fire":18,"minecraft:bookshelf":10,"minecraft:potatoes":2,"minecraft:flowering_azalea_leaves":2,"minecraft:lantern":1,"minecraft:azalea_leaves":6,"minecraft:stone":12,"minecraft:green_bed":1,"minecraft:lily_of_the_valley":1,"minecraft:smoker":1,"minecraft:dandelion":2,"minecraft:torch":3,"minecraft:crafting_table":4,"minecraft:blast_furnace":1,"minecraft:poppy":2,"minecraft:dead_bush":4,"minecraft:tall_grass":1,"minecraft:oak_planks":94,"minecraft:sugar_cane":23,"minecraft:diorite":1,"minecraft:wall_torch":2,"minecraft:lime_bed":1,"minecraft:birch_log":14,"minecraft:wheat":17,"minecraft:birch_leaves":3,"minecraft:yellow_bed":2,"minecraft:grass":38,"minecraft:coal_ore":19,"minecraft:oak_log":78,"minecraft:beetroots":1,"minecraft:sand":2,"minecraft:dirt":2,"minecraft:oak_leaves":21,"minecraft:fern":1},"minecraft:custom":{"minecraft:mob_kills":26,"minecraft:interact_with_crafting_table":17,"minecraft:leave_game":1,"minecraft:time_since_death":21045,"minecraft:climb_one_cm":1344,"minecraft:sprint_one_cm":311654,"minecraft:walk_one_cm":489425,"minecraft:drop":105,"minecraft:talked_to_villager":5,"minecraft:play_time":152780,"minecraft:deaths":8,"minecraft:sneak_time":8435,"minecraft:walk_under_water_one_cm":7850,"minecraft:boat_one_cm":94667,"minecraft:interact_with_brewingstand":2,"minecraft:jump":2311,"minecraft:interact_with_blast_furnace":3,"minecraft:walk_on_water_one_cm":13981,"minecraft:total_world_time":152780,"minecraft:play_record":2,"minecraft:pot_flower":1,"minecraft:sleep_in_bed":3,"minecraft:time_since_rest":21082,"minecraft:damage_taken":3120,"minecraft:damage_dealt":3679,"minecraft:swim_one_cm":45818,"minecraft:fly_one_cm":471024,"minecraft:player_kills":1,"minecraft:open_chest":22,"minecraft:crouch_one_cm":32908,"minecraft:interact_with_smoker":3,"minecraft:fall_one_cm":58455,"minecraft:horse_one_cm":1554}},"DataVersion":3465}